day,feed_requests,ranking_computations,impressions,stale_impressions,stale_impression_rate,mean_staleness,satisfaction_lost
0,101499,50749500,479425,377926,0.788290,2.882449,134900.800122
1,126597,63290568,595995,469398,0.787587,2.950417,156639.763849
2,125791,62682810,627712,501921,0.799604,3.176665,163764.930499
3,63154,31212598,319968,256814,0.802624,3.243674,83063.994182
