round,sessions,open_sessions,mean_duration_seconds,median_duration_seconds,mean_impressions,satisfaction_per_minute,regret_per_minute,mean_session_utility,early_failure_exit_rate,natural_completion_rate,harmful_fatigue_mean,next_session_starting_satisfaction,failure_exits,satisfied_exits,fatigue_exits,external_exits,regret_exits
0,101010,0,108.289051,81.000000,4.742026,0.137449,0.165509,-0.877310,0.308356,0.046342,0.419910,-0.041335,31147,4681,62313,2865,4
1,125905,0,130.754212,88.000000,4.729288,0.119375,0.155533,-0.928225,0.319717,0.039212,0.419986,-0.035517,40254,4937,77146,3539,29
2,124979,0,172.958953,118.000000,5.022668,0.192207,0.125824,-0.531981,0.255227,0.039879,0.425774,-0.013585,31898,4984,84239,3772,86
3,62734,223,167.003268,111.000000,5.099181,0.230450,0.128419,-0.406713,0.237798,0.039404,0.430222,-0.007359,14918,2472,43480,1801,63
