round,mean_reward_per_impression
0,0.034616
1,0.003879
2,0.029985
3,0.002023
4,0.028909
