round,sampled_requests,mean_regret,cumulative_regret
0,234,0.637541,149.184503
1,269,0.624538,317.185343
2,251,0.641041,478.086695
3,258,0.662874,649.108206
4,247,0.661154,812.413138
