epsilon,reward_per_impression,mean_true_affinity,completion_rate,mean_regret_overall,cumulative_regret,est_hidden_cosine_final,new_user_regret_first_10,new_user_regret_first_25,new_user_regret_first_50,new_user_regret_first_100,interactions_to_target_reward,new_user_reward_at_1,new_user_reward_at_100,new_user_regret_at_100,injected_reels_distinct_exposed,injected_reel_impressions,injected_share_of_impressions
0.0,0.212769,0.240401,0.534401,0.54056,2186.564,0.417854,0.679736,0.65475,0.62764,0.59512,-1,0.107092,0.175558,0.542905,1300,97537,0.047579
0.02,0.212848,0.241141,0.534404,0.533843,2159.396,0.420171,0.680115,0.645016,0.62219,0.589568,-1,0.055908,0.223826,0.544511,1367,92564,0.045153
0.05,0.215266,0.244419,0.536644,0.536082,2168.452,0.424534,0.680624,0.644251,0.613483,0.581331,98,0.096644,0.222014,0.532606,1408,95320,0.046498
0.1,0.213981,0.242728,0.535503,0.537776,2175.303,0.421518,0.681883,0.651484,0.627027,0.597761,-1,0.091316,0.180983,0.561301,1453,95901,0.046781
