round,mean_reward_per_impression
0,0.014580
1,0.012044
2,0.010460
3,0.024070
4,0.015523
