round,sampled_requests,mean_regret,cumulative_regret
0,234,0.692513,162.048091
1,269,0.701988,350.882805
2,251,0.689215,523.875790
3,258,0.679588,699.209376
4,247,0.696918,871.348154
