day,feed_requests,ranking_computations,impressions,stale_impressions,stale_impression_rate,mean_staleness,satisfaction_lost
0,473070,236535000,473070,0,0.000000,0.000000,0.000000
1,604532,302236655,604532,0,0.000000,0.000000,0.000000
2,633269,315684121,633269,0,0.000000,0.000000,0.000000
3,318359,157151388,318359,0,0.000000,0.000000,0.000000
