round,sessions,open_sessions,mean_duration_seconds,median_duration_seconds,mean_impressions,satisfaction_per_minute,regret_per_minute,mean_session_utility,early_failure_exit_rate,natural_completion_rate,harmful_fatigue_mean,next_session_starting_satisfaction,failure_exits,satisfied_exits,fatigue_exits,external_exits,regret_exits
0,100868,0,115.149453,86.000000,4.684082,0.091843,0.166970,-0.984923,0.315749,0.043859,0.418486,-0.042761,31849,4424,61743,2843,9
1,125886,0,132.256796,89.000000,4.800828,0.137043,0.145245,-0.840807,0.306102,0.038694,0.421044,-0.031388,38534,4871,78874,3578,29
2,124981,0,172.515046,111.000000,5.067090,0.201614,0.115448,-0.458625,0.246141,0.038222,0.428181,-0.008947,30763,4777,85566,3798,77
3,62415,237,187.982616,120.000000,5.096131,0.199749,0.104294,-0.394081,0.239317,0.038452,0.429016,-0.008608,14937,2400,43232,1804,42
