round,impressions,mean_immediate_satisfaction,mean_regret,satisfaction_per_minute,watch_minutes,comment_rate,save_rate,profile_visit_rate,harmful_fatigue,platform_trust
0,473070,0.037854,0.068383,0.098590,181637.042871,0.157457,0.276617,0.272528,0.418486,0.000000
1,604532,0.063052,0.066690,0.145549,261885.876172,0.154142,0.270166,0.286112,0.421044,0.000000
2,633269,0.114467,0.065496,0.211663,342470.556945,0.159400,0.271247,0.310086,0.428181,0.000000
3,318359,0.122814,0.064185,0.208482,187540.864458,0.162116,0.274900,0.316435,0.429016,0.000000
