day,feed_requests,ranking_computations,impressions,stale_impressions,stale_impression_rate,mean_staleness,satisfaction_lost
0,106540,53270000,481246,374706,0.778616,2.504912,129522.479428
1,133368,66677546,597581,464213,0.776820,2.511393,149555.676937
2,133832,66689318,619622,485790,0.784010,2.617188,149583.707249
3,67388,33259307,315864,248476,0.786655,2.648054,76636.299025
