round,sessions,open_sessions,mean_duration_seconds,median_duration_seconds,mean_impressions,satisfaction_per_minute,regret_per_minute,mean_session_utility,early_failure_exit_rate,natural_completion_rate,harmful_fatigue_mean,next_session_starting_satisfaction,failure_exits,satisfied_exits,fatigue_exits,external_exits,regret_exits
0,100913,0,113.629622,84.000000,4.763707,0.128666,0.144323,-0.867666,0.313785,0.043186,0.420890,-0.041789,31665,4358,61994,2890,6
1,125941,0,129.457802,89.000000,4.744261,0.125748,0.161235,-0.922290,0.318070,0.039947,0.419166,-0.034037,40058,5031,77279,3539,34
2,124705,0,183.897021,123.000000,4.966272,0.168604,0.122388,-0.604237,0.267094,0.038643,0.423395,-0.014860,33308,4819,82730,3722,126
3,62517,217,179.938049,120.000000,5.051650,0.204961,0.127875,-0.487469,0.251995,0.037718,0.429309,-0.009095,15754,2358,42569,1779,57
