day,feed_requests,ranking_computations,impressions,stale_impressions,stale_impression_rate,mean_staleness,satisfaction_lost
0,194869,97434500,477280,282411,0.591709,0.851806,67739.271895
1,246314,123127916,605034,358720,0.592892,0.854474,80828.479733
2,251129,124853829,620832,369703,0.595496,0.859524,80962.460906
3,130443,63873918,324931,194488,0.598552,0.865522,41475.343168
