round,sessions,open_sessions,mean_duration_seconds,median_duration_seconds,mean_impressions,satisfaction_per_minute,regret_per_minute,mean_session_utility,early_failure_exit_rate,natural_completion_rate,harmful_fatigue_mean,next_session_starting_satisfaction,failure_exits,satisfied_exits,fatigue_exits,external_exits,regret_exits
0,100924,0,108.230926,84.000000,4.722554,0.125268,0.168806,-0.930208,0.320895,0.044350,0.419765,-0.042460,32386,4476,61191,2870,1
1,125804,0,139.702140,94.000000,4.808377,0.121703,0.133831,-0.855004,0.308830,0.039991,0.418214,-0.031878,38852,5031,78309,3588,24
2,124763,0,176.917644,116.000000,4.974728,0.172685,0.131517,-0.628421,0.269463,0.039659,0.421766,-0.015453,33619,4948,82415,3717,64
3,62536,220,188.500384,125.000000,5.196127,0.215516,0.109513,-0.346222,0.231451,0.037370,0.432693,-0.005718,14474,2337,43857,1825,43
