arm,policy,gate,retention (1d),retention (7d),sessions/user/day,satisfaction-weighted retention,churn rate,mean churn probability,mean final trust,mean final habit,mean pref shift from initial (within-world),mean final preference entropy,mean hidden satisfaction,mean hidden regret,satisfaction per minute,welfare trust (platform_trust),sessions (closed),mean session utility U_s,early-failure exit rate,natural completion rate,harmful fatigue (mean),exit share: satisfied,exit share: fatigue,exit share: regret,reward/impression,mean watch seconds,completion rate,like rate,share rate,follow rate,comment rate,save rate,profile-visit rate
engagement-on,engagement,on,0.6269,0.9692,0.859711,0.661647,0.2645,0.0976774,0.0180019,0.0795932,0.0281126,2.83947,-0.48165,0.260329,-0.531193,0.0180019,77374,-3.94168,0.762595,0.0239874,0.329529,0.0239874,0.19314,0.0021842,0.334514,54.404,0.790825,0.184773,0.0623262,0.0139558,0.350901,0.177703,0.215691
engagement-off,engagement,off,0.8486,0.9943,2.91723,0.997699,0.0347,0.0100257,0.704079,0.134904,8.67084e-18,2.83832,0.0357109,0.154787,0.0391759,0.704079,262551,-1.44176,0.353482,0.0401903,0.413642,0.0401903,0.578151,0.00179775,0.484339,54.6932,0.823261,0.244264,0.0854513,0.0277687,0.261971,0.243212,0.266148
proxy-on,proxy,on,0.8242,0.996,1.70583,0.9935,0.0899,0.0277396,0.0237541,0.123389,0.0546079,2.86248,-0.122358,0.0173008,-0.278797,0.0237541,153525,-1.54061,0.347605,0.0587461,0.324491,0.0587461,0.564455,1.95408e-05,0.367084,26.3326,0.780472,0.148105,0.0761066,0.0152714,0.109531,0.384684,0.293363
proxy-off,proxy,off,0.9586,0.9998,5.96242,0.999799,0.0024,0.000419808,0.704079,0.393848,8.67084e-18,2.83832,0.213297,0.0136237,0.319418,0.704079,536618,0.811982,0.110712,0.0525104,0.429645,0.0525104,0.800119,2.04988e-05,0.456834,40.0661,0.781145,0.187641,0.0874235,0.0174809,0.112351,0.373452,0.297849
