round,mean_reward_per_impression
0,-0.029480
1,-0.018538
2,-0.019359
3,-0.027204
4,-0.030092
