round,sampled_requests,mean_regret,cumulative_regret
0,234,0.704149,164.770774
1,269,0.700966,353.330547
2,251,0.696136,528.060628
3,258,0.698308,708.223993
4,247,0.709361,883.436077
